year,accuracy,f1_macro
2022,0.7471581122976232,0.2381085383045476
