year,accuracy,f1_macro
2020,0.693253929512838,0.2605837816410077
