year,accuracy,f1_macro
2014,0.6081912878787878,0.21484261974783472
