year,accuracy,f1_macro
2019,0.6894654088050315,0.2747334680200336
