year,accuracy,f1_macro
2013,0.8358778625954199,0.1342734518700184
