year,accuracy,f1_macro
2021,0.7595451527224436,0.24626304644659172
