year,accuracy,f1_macro
2015,0.6259939280034698,0.23483325403364486
