year,accuracy,f1_macro
2017,0.6536353671903544,0.28356411926805497
