year,accuracy,f1_macro
2016,0.6555112881806109,0.27259851378362615
