year,accuracy,f1_macro
2018,0.6646628594329226,0.27694642930737434
