year,accuracy,f1_macro
2016,0.6136786188579018,0.2966252589820883
