year,accuracy,f1_macro
2022,0.6234068205304857,0.22524636487022548
