year,accuracy,f1_macro
2018,0.5728884881274421,0.3088135008796839
