year,accuracy,f1_macro
2015,0.5908630909353766,0.2746553676194015
