year,accuracy,f1_macro
2021,0.662765604249668,0.26478693796976327
