year,accuracy,f1_macro
2013,0.7595419847328244,0.09915296462381665
