year,accuracy,f1_macro
2017,0.5840945073681647,0.303207631687674
