year,accuracy,f1_macro
2019,0.610062893081761,0.29330419970638255
