year,accuracy,f1_macro
2020,0.6345797129747145,0.2717234151740191
