year,accuracy,f1_macro
2014,0.6027462121212122,0.25600045208572436
