year,accuracy,f1_macro
2015,0.5668642475061443,0.26695252372809536
