year,accuracy,f1_macro
2021,0.6635956175298805,0.2617446547042098
