year,accuracy,f1_macro
2019,0.5991439552760307,0.2961863623943215
