year,accuracy,f1_macro
2014,0.5769412878787878,0.25201053889318314
