year,accuracy,f1_macro
2022,0.5998105408198415,0.2154546755195697
