year,accuracy,f1_macro
2013,0.7137404580152672,0.09575012800819253
