year,accuracy,f1_macro
2018,0.6185752930568079,0.3037563140837438
