year,accuracy,f1_macro
2020,0.6348725959191643,0.2744215278617913
