year,accuracy,f1_macro
2017,0.5862866885884789,0.30268864603953094
