year,accuracy,f1_macro
2016,0.6041168658698539,0.29965061063376025
